1,google.com
2,youtube.com
3,baidu.com
4,facebook.com
5,bing.com
6,qq.com
7,amazon.com
8,wikipedia.org
9,yahoo.com
10,twitter.com
11,zhihu.com
12,instagram.com
13,bilibili.com
14,reddit.com
15,taobao.com
16,whatsapp.com
17,linkedin.com
18,xvideos.com
19,pornhub.com
20,vk.com
21,163.com
22,yandex.ru
23,tiktok.com
24,jd.com
25,t.co
26,fandom.com
27,weibo.com
28,sina.com.cn
29,xhamster.com
30,github.com
31,netflix.com
32,microsoft.com
33,live.com
34,google.com.hk
35,dzen.ru
36,aliexpress.com
37,yahoo.co.jp
38,openai.com
39,canva.com
40,spankbang.com
41,amazon.in
42,apple.com
43,ebay.com
44,naver.com
45,tmall.com
46,imdb.com
47,sohu.com
48,xnxx.com
49,zoom.us
50,douban.com
51,spotify.com
52,iqiyi.com
53,msn.com
54,pinterest.com
55,chaturbate.com
56,mail.ru
57,csdn.net
58,etsy.com
59,paypal.com
60,alipay.com
61,adobe.com
62,hao123.com
63,office.com
64,telegram.org
65,stackoverflow.com
66,duckduckgo.com
67,google.co.in
68,twimg.com
69,so.com
70,myshopify.com
71,amazonaws.com
72,mega.nz
73,amazon.co.jp
74,pixiv.net
75,quora.com
76,twitch.tv
77,1688.com
78,msn.cn
79,imgur.com
80,t.me
81,stripchat.com
82,360.cn
83,flipkart.com
84,3dmgame.com
85,redd.it
86,sogou.com
87,onlyfans.com
88,freepik.com
89,fifa.com
90,nih.gov
91,mediafire.com
92,youku.com
93,avito.ru
94,ok.ru
95,youdao.com
96,cnki.net
97,discord.com
98,walmart.com
99,ali213.net
100,indeed.com